blogs/my_blog_libre_1.pdf, 2023-06-15, Lindsay Hussey, This is a very very very long title.
blogs/ri_150623.pdf, 2023-06-15, Ron Irwin, This is also a very very very long title.
blogs/lh_150623.pdf, 2023-06-15, Lindsay Hussey, This is a very very very long title.
blogs/ri_150623.pdf, 2023-06-15, Ron Irwin, This is also a very very very long title.
blogs/lh_150623.pdf, 2023-06-15, Lindsay Hussey, This is a very very very long title.
blogs/ri_150623.pdf, 2023-06-15, Ron Irwin, This is also a very very very long title.
blogs/lh_150623.pdf, 2023-06-15, Lindsay Hussey, This is a very very very long title.
blogs/ri_150623.pdf, 2023-06-15, Ron Irwin, This is also a very very very long title.
blogs/lh_150623.pdf, 2023-06-15, Lindsay Hussey, This is a very very very long title.
blogs/ri_150623.pdf, 2023-06-15, Ron Irwin, This is also a very very very long title.
blogs/lh_150623.pdf, 2023-06-15, Lindsay Hussey, This is a very very very long title.
blogs/ri_150623.pdf, 2023-06-15, Ron Irwin, This is also a very very very long title.
blogs/lh_150623.pdf, 2023-06-15, Lindsay Hussey, This is a very very very long title.
blogs/ri_150623.pdf, 2023-06-15, Ron Irwin, This is also a very very very long title.
blogs/lh_150623.pdf, 2023-06-15, Lindsay Hussey, This is a very very very long title.
blogs/ri_150623.pdf, 2023-06-15, Ron Irwin, This is also a very very very long title.
blogs/lh_150623.pdf, 2023-06-15, Lindsay Hussey, This is a very very very long title.
blogs/ri_150623.pdf, 2023-06-15, Ron Irwin, This is also a very very very long title.
blogs/lh_150623.pdf, 2023-06-15, Lindsay Hussey, This is a very very very long title.
blogs/ri_150623.pdf, 2023-06-15, Ron Irwin, This is also a very very very long title.
blogs/lh_150623.pdf, 2023-06-15, Lindsay Hussey, This is a very very very long title.
blogs/ri_150623.pdf, 2023-06-15, Ron Irwin, This is also a very very very long title.
blogs/lh_150623.pdf, 2023-06-15, Lindsay Hussey, This is a very very very long title.
blogs/ri_150623.pdf, 2023-06-15, Ron Irwin, This is also a very very very long title.
